{
    "res": {
        "about:page/index.tpl": {
            "uri": "about/page/index.tpl",
            "type": "tpl",
            "extras": {
                "isPage": true
            }
        },
        "about:page/layout.tpl": {
            "uri": "about/page/layout.tpl",
            "type": "tpl",
            "extras": {
                "isPage": true
            }
        },
        "about:static/js/bigpipe.js": {
            "uri": "/static/about/static/js/bigpipe.js",
            "type": "js"
        },
        "about:static/js/index.js": {
            "uri": "/static/about/static/js/index.js",
            "type": "js"
        },
        "about:static/js/lazyload.js": {
            "uri": "/static/about/static/js/lazyload.js",
            "type": "js"
        },
        "about:static/js/mod.js": {
            "uri": "/static/about/static/js/mod.js",
            "type": "js"
        },
        "about:static/js/page.js": {
            "uri": "/static/about/static/js/page.js",
            "type": "js",
            "deps": [
                "about:static/js/bigpipe.js"
            ]
        },
        "about:widget/message/message.tpl": {
            "uri": "about/widget/message/message.tpl",
            "type": "tpl"
        }
    },
    "pkg": {}
}