{
    "res": {
        "home:page/index.tpl": {
            "uri": "home/page/index.tpl",
            "type": "tpl",
            "extras": {
                "isPage": true
            }
        },
        "home:page/layout.tpl": {
            "uri": "home/page/layout.tpl",
            "type": "tpl",
            "extras": {
                "isPage": true
            }
        },
        "home:static/js/bigpipe.js": {
            "uri": "/static/home/static/js/bigpipe.js",
            "type": "js"
        },
        "home:static/js/index.js": {
            "uri": "/static/home/static/js/index.js",
            "type": "js"
        },
        "home:static/js/lazyload.js": {
            "uri": "/static/home/static/js/lazyload.js",
            "type": "js"
        },
        "home:static/js/mod.js": {
            "uri": "/static/home/static/js/mod.js",
            "type": "js"
        },
        "home:static/js/page.js": {
            "uri": "/static/home/static/js/page.js",
            "type": "js",
            "deps": [
                "home:static/js/bigpipe.js"
            ]
        },
        "home:widget/message/message.tpl": {
            "uri": "home/widget/message/message.tpl",
            "type": "tpl"
        }
    },
    "pkg": {}
}